# Time (s), Angle of Attack (°), Mach Number
0.000000,90.000000,0.000000
0.001410,90.000000,0.000000
0.002819,90.000000,0.000000
0.005638,90.000000,-0.000000
0.008457,90.000000,0.000000
0.011276,90.000000,0.000000
0.039467,90.000000,-0.000000
0.040855,90.000000,-0.000000
0.042242,90.000000,0.000000
0.045017,90.000000,0.000000
0.047792,90.000000,0.000000
0.050567,90.000000,-0.000000
0.051534,90.000000,0.000000
0.052500,90.000000,-0.000000
0.054432,90.000000,0.000000
0.056365,90.000000,0.000000
0.058297,0.000000,0.000006
0.060665,-0.000000,0.000036
0.063034,0.000000,0.000098
0.065402,-0.000000,0.000194
0.089083,0.000000,0.002944
0.092195,0.000000,0.003550
0.095307,-0.000000,0.004232
0.098419,0.000000,0.005007
0.101093,0.000000,0.005734
0.103272,0.000000,0.006346
0.105452,-0.000000,0.006960
0.107631,-0.000000,0.007578
0.111990,0.000000,0.008823
0.116349,0.000000,0.010079
0.120708,-0.000000,0.011348
0.125066,-0.000000,0.012628
0.131693,0.000000,0.014598
0.138320,0.000000,0.016596
0.144947,-0.000000,0.018622
0.147598,0.000000,0.019440
0.150248,0.000000,0.020262
0.152899,-0.000000,0.021081
0.156097,-0.000000,0.022058
0.159295,0.000000,0.023023
0.162493,0.000000,0.023975
0.194474,0.000000,0.032809
0.199715,-0.000000,0.034137
0.204955,0.000000,0.035449
0.210196,0.000001,0.036762
0.220677,0.000000,0.039396
0.231158,0.000001,0.042039
0.241639,-0.000000,0.044693
0.317029,-0.000000,0.064069
0.363273,-0.000000,0.076207
0.365144,0.003522,0.076703
0.367016,0.006998,0.077199
0.370759,0.013818,0.078191
0.374503,0.020463,0.079184
0.378246,0.026942,0.080179
0.409728,0.075516,0.088594
0.441209,0.115237,0.097100
0.472691,0.147938,0.105696
0.504173,0.174884,0.114379
0.531461,0.194286,0.121959
0.558749,0.210494,0.129566
0.586037,0.223796,0.137201
0.613326,0.234393,0.144866
0.651493,0.244887,0.155635
0.689661,0.250577,0.166460
0.727829,0.251605,0.177342
0.765997,0.248013,0.188280
0.804165,0.239852,0.199274
0.856966,0.221192,0.214576
0.909766,0.194246,0.229984
0.962567,0.160065,0.245500
1.015367,0.119964,0.261110
1.068168,0.075921,0.276763
1.120969,0.030297,0.292399
1.163977,0.004514,0.305140
1.206985,0.037630,0.317875
1.249993,0.065697,0.330607
1.293001,0.086833,0.343335
1.336009,0.100114,0.356059
1.379017,0.104366,0.368776
1.422025,0.099353,0.381487
1.465033,0.085428,0.394192
1.508041,0.063610,0.406886
1.541711,0.042115,0.416804
1.575381,0.013481,0.426688
1.609051,-0.000000,0.436542
1.642721,0.000000,0.446365
1.676391,0.028068,0.456156
1.710061,0.044633,0.465914
1.739880,0.053943,0.474528
1.769699,0.058211,0.483116
1.799518,0.057488,0.491678
1.829337,0.051971,0.500213
1.859155,0.041790,0.508721
1.888974,0.026826,0.517201
1.909248,0.009968,0.522950
1.929521,0.000000,0.528687
1.949794,0.000000,0.534410
1.970067,-0.000000,0.540120
1.990341,0.000000,0.545817
2.017306,0.000000,0.553371
2.044272,0.010220,0.560891
2.071238,0.020984,0.568377
2.098204,0.023541,0.575828
2.125170,0.020595,0.583243
2.152136,0.010350,0.590623
2.179102,-0.000000,0.597967
2.206068,0.000000,0.605275
2.233034,-0.000000,0.612546
2.260000,0.000000,0.619780
2.286966,-0.000000,0.626977
2.313932,-0.000000,0.634136
2.340898,0.002118,0.641258
2.367863,0.010588,0.648341
2.394829,0.006337,0.655385
2.421795,0.000000,0.662391
2.448761,0.000000,0.669357
2.475727,0.000000,0.676283
2.502693,-0.000000,0.683170
2.524743,-0.000000,0.688777
2.546794,0.000000,0.694370
2.568844,0.000000,0.699945
2.590894,0.000000,0.705505
2.612944,-0.000000,0.711051
2.634994,-0.000000,0.716583
2.659278,0.000000,0.722658
2.683562,0.000000,0.728716
2.707845,-0.000000,0.734756
2.732129,0.000000,0.740779
2.756412,0.000000,0.746784
2.780696,0.000000,0.752771
2.804979,0.002851,0.758740
2.814403,0.002992,0.761051
2.823827,0.003767,0.763360
2.833250,0.002971,0.765666
2.842674,0.000000,0.767970
2.852098,0.000000,0.770270
2.861521,0.000000,0.772568
2.874512,-0.000000,0.775732
2.887502,-0.000000,0.778889
2.900492,-0.000000,0.782042
2.913483,-0.000000,0.785186
2.926473,0.000000,0.788312
2.939463,0.000000,0.791422
2.952453,0.000000,0.794517
2.965444,-0.000000,0.797596
2.981687,-0.000000,0.801422
2.997930,0.000000,0.805222
3.014173,-0.000000,0.808947
3.026490,0.000000,0.811639
3.036695,-0.000000,0.813797
3.046899,-0.000000,0.815880
3.057103,0.000000,0.817892
3.067307,-0.000000,0.819832
3.077738,0.000000,0.821740
3.088169,0.000000,0.823573
3.098599,0.000000,0.825331
3.109030,0.000000,0.827014
3.119461,0.000000,0.828621
3.129892,0.000000,0.830153
3.143613,-0.000000,0.832054
3.157334,0.000000,0.833825
3.171055,0.000000,0.835466
3.184776,0.008425,0.836978
3.198497,0.012321,0.838360
3.212218,0.013106,0.839612
3.225938,0.015913,0.840734
3.239659,0.017837,0.841728
3.250432,0.018399,0.842417
3.261204,0.016798,0.843027
3.271976,0.015928,0.843557
3.282748,0.018554,0.844008
3.293520,0.019611,0.844380
3.304292,0.018436,0.844679
3.315064,0.017875,0.844924
3.325836,0.019093,0.845132
3.336608,0.020563,0.845306
3.347380,0.021380,0.845441
3.358152,0.021764,0.845537
3.368924,0.021538,0.845593
3.379696,0.021410,0.845612
3.390468,0.021783,0.845594
3.401240,0.022250,0.845539
3.413194,0.022881,0.845447
3.423130,0.023331,0.845357
3.433067,0.023715,0.845257
3.443004,0.023965,0.845144
3.452940,0.024088,0.845019
3.462877,0.024254,0.844880
3.472814,0.024375,0.844730
3.484291,0.025025,0.844541
3.495769,0.026107,0.844337
3.507247,0.026949,0.844116
3.518724,0.027478,0.843878
3.530202,0.027463,0.843624
3.541680,0.027914,0.843354
3.553158,0.029033,0.843068
3.564635,0.030068,0.842766
3.576113,0.030072,0.842448
3.587591,0.030137,0.842113
3.599068,0.030651,0.841763
3.610546,0.031236,0.841396
3.622024,0.031669,0.841013
3.633502,0.031885,0.840615
3.644979,0.032275,0.840200
3.656457,0.032959,0.839770
3.667935,0.033615,0.839323
3.679412,0.033619,0.838861
3.690890,0.033675,0.838382
3.702368,0.034380,0.837888
3.713846,0.035193,0.837378
3.726574,0.035962,0.836794
3.739301,0.036050,0.836191
3.752029,0.036526,0.835568
3.764757,0.037759,0.834926
3.777485,0.039023,0.834264
3.790213,0.039140,0.833583
3.802941,0.039343,0.832883
3.815669,0.040363,0.832164
3.828397,0.041374,0.831426
3.841125,0.042044,0.830668
3.853853,0.042639,0.829891
3.866580,0.043181,0.829095
3.879308,0.043698,0.828280
3.892036,0.044376,0.827446
3.904764,0.045081,0.826596
3.917492,0.045422,0.825740
3.930220,0.045766,0.824886
3.942948,0.046540,0.824036
3.957113,0.047814,0.823092
3.971278,0.048848,0.822150
3.985443,0.049524,0.821208
3.999608,0.050250,0.820269
4.013773,0.051217,0.819332
4.027939,0.052229,0.818398
4.042104,0.053112,0.817466
4.056269,0.053908,0.816536
4.070434,0.054713,0.815608
4.084599,0.055532,0.814682
4.098764,0.056336,0.813758
4.112929,0.057132,0.812836
4.127094,0.057934,0.811917
4.141260,0.058727,0.810999
4.155425,0.059493,0.810083
4.169590,0.060238,0.809170
4.183755,0.060977,0.808258
4.197920,0.061712,0.807349
4.212085,0.062436,0.806441
4.226250,0.063147,0.805536
4.240415,0.063846,0.804632
4.254580,0.064537,0.803730
4.268746,0.065220,0.802831
4.282911,0.065895,0.801933
4.297076,0.066560,0.801037
4.311241,0.067215,0.800144
4.325406,0.067856,0.799251
4.339571,0.068497,0.798361
4.353736,0.069131,0.797471
4.367901,0.069742,0.796582
4.382066,0.070338,0.795695
4.396232,0.070928,0.794809
4.410397,0.071511,0.793924
4.424562,0.072083,0.793040
4.438727,0.072648,0.792158
4.452892,0.073208,0.791277
4.467057,0.073763,0.790396
4.481222,0.074311,0.789518
4.495387,0.074853,0.788640
4.509553,0.075390,0.787763
4.523718,0.075922,0.786888
4.537883,0.076449,0.786013
4.552048,0.076972,0.785140
4.566213,0.077490,0.784268
4.580378,0.078002,0.783398
4.594543,0.078510,0.782528
4.608708,0.079014,0.781659
4.622873,0.079513,0.780792
4.637039,0.080007,0.779926
4.651204,0.080497,0.779061
4.665369,0.080983,0.778197
4.679534,0.081465,0.777334
4.693699,0.081940,0.776472
4.707864,0.082410,0.775612
4.722029,0.082876,0.774752
4.736194,0.083338,0.773894
4.750360,0.083795,0.773037
4.764525,0.084247,0.772181
4.778690,0.084693,0.771326
4.792855,0.085135,0.770472
4.807020,0.085572,0.769619
4.821185,0.086005,0.768768
4.835350,0.086433,0.767917
4.849515,0.086857,0.767068
4.863680,0.087276,0.766219
4.877846,0.087693,0.765372
4.892011,0.088105,0.764526
4.906176,0.088515,0.763681
4.920341,0.088922,0.762837
4.934506,0.089325,0.761994
4.948671,0.089726,0.761152
4.962836,0.090123,0.760311
4.977001,0.090517,0.759472
4.991167,0.090907,0.758633
5.005332,0.091296,0.757795
5.019497,0.091682,0.756959
5.033662,0.092066,0.756123
5.047827,0.092446,0.755289
5.061992,0.092824,0.754456
5.076157,0.093200,0.753623
5.090322,0.093574,0.752792
5.104487,0.093944,0.751962
5.118653,0.094312,0.751132
5.132818,0.094678,0.750304
5.146983,0.095040,0.749477
5.161148,0.095400,0.748651
5.175313,0.095758,0.747826
5.189478,0.096112,0.747002
5.203643,0.096464,0.746179
5.217808,0.096812,0.745357
5.231973,0.097158,0.744536
5.246139,0.097501,0.743716
5.260304,0.097840,0.742897
5.274469,0.098176,0.742079
5.288634,0.098510,0.741262
5.302799,0.098842,0.740446
5.316964,0.099172,0.739631
5.331129,0.099499,0.738817
5.345294,0.099825,0.738004
5.359460,0.100148,0.737192
5.373625,0.100469,0.736381
5.387790,0.100789,0.735571
5.401955,0.101107,0.734762
5.416120,0.101423,0.733954
5.430285,0.101737,0.733147
5.444450,0.102050,0.732341
5.458615,0.102361,0.731536
5.472780,0.102670,0.730731
5.486946,0.102978,0.729928
5.501111,0.103284,0.729126
5.515276,0.103588,0.728325
5.529441,0.103891,0.727524
5.543606,0.104191,0.726725
5.557771,0.104489,0.725927
5.571936,0.104786,0.725129
5.586101,0.105082,0.724333
5.600267,0.105376,0.723537
5.614432,0.105667,0.722743
5.628597,0.105957,0.721949
5.642762,0.106245,0.721156
5.656927,0.106532,0.720364
5.671092,0.106817,0.719574
5.685257,0.107100,0.718784
5.699422,0.107381,0.717995
5.713587,0.107660,0.717207
5.727753,0.107938,0.716419
5.741918,0.108215,0.715633
5.756083,0.108489,0.714848
5.770248,0.108762,0.714063
5.784413,0.109034,0.713280
5.798578,0.109304,0.712497
5.812743,0.109573,0.711716
5.826908,0.109840,0.710935
5.841073,0.110105,0.710155
5.855239,0.110369,0.709376
5.869404,0.110632,0.708598
5.883569,0.110895,0.707821
5.897734,0.111155,0.707045
5.911899,0.111415,0.706269
5.926064,0.111673,0.705495
5.940229,0.111931,0.704721
5.954394,0.112187,0.703949
5.968560,0.112442,0.703177
5.982725,0.112696,0.702406
5.996890,0.112950,0.701636
6.011055,0.113201,0.700867
6.025220,0.113452,0.700099
6.039385,0.113702,0.699332
6.053550,0.113950,0.698566
6.067715,0.114198,0.697800
6.081880,0.114444,0.697036
6.096046,0.114690,0.696273
6.110211,0.114933,0.695511
6.125864,0.115269,0.694670
6.141517,0.115661,0.693831
6.157171,0.116059,0.692992
6.172824,0.116439,0.692155
6.188478,0.116807,0.691319
6.204131,0.117176,0.690485
6.219784,0.117548,0.689651
6.235438,0.117918,0.688819
6.251091,0.118284,0.687988
6.266744,0.118647,0.687158
6.282398,0.119008,0.686330
6.298051,0.119368,0.685502
6.313705,0.119725,0.684676
6.329358,0.120080,0.683851
6.345011,0.120433,0.683027
6.360665,0.120784,0.682205
6.376318,0.121133,0.681383
6.391971,0.121481,0.680563
6.407625,0.121827,0.679744
6.423278,0.122175,0.678926
6.438932,0.122521,0.678109
6.454585,0.122865,0.677294
6.470238,0.123206,0.676479
6.485892,0.123545,0.675666
6.501545,0.123884,0.674854
6.517198,0.124221,0.674043
6.532852,0.124555,0.673233
6.548505,0.124888,0.672424
6.564159,0.125219,0.671616
6.579812,0.125549,0.670810
6.595465,0.125877,0.670004
6.611119,0.126203,0.669200
6.626772,0.126527,0.668397
6.642425,0.126850,0.667595
6.658079,0.127171,0.666794
6.673732,0.127490,0.665994
6.689386,0.127808,0.665195
6.705039,0.128124,0.664397
6.720692,0.128438,0.663600
6.736346,0.128750,0.662805
6.751999,0.129061,0.662010
6.767652,0.129370,0.661216
6.783306,0.129677,0.660424
6.798959,0.129984,0.659633
6.814613,0.130288,0.658842
6.830266,0.130592,0.658053
6.845919,0.130894,0.657265
6.861573,0.131194,0.656477
6.877226,0.131494,0.655691
6.892879,0.131792,0.654906
6.908533,0.132088,0.654122
6.924186,0.132384,0.653339
6.939839,0.132678,0.652557
6.955493,0.132972,0.651775
6.971146,0.133263,0.650995
6.986800,0.133554,0.650216
7.002453,0.133844,0.649438
7.018106,0.134132,0.648661
7.033760,0.134419,0.647885
7.049413,0.134705,0.647110
7.065066,0.134989,0.646336
7.080720,0.135272,0.645563
7.096373,0.135554,0.644790
7.112027,0.135835,0.644019
7.127680,0.136115,0.643249
7.143333,0.136394,0.642480
7.158987,0.136671,0.641711
7.174640,0.136948,0.640944
7.190293,0.137223,0.640178
7.205947,0.137498,0.639412
7.221600,0.137771,0.638648
7.237254,0.138044,0.637884
7.252907,0.138315,0.637122
7.268560,0.138585,0.636360
7.284214,0.138854,0.635599
7.299867,0.139123,0.634840
7.315520,0.139390,0.634081
7.331174,0.139656,0.633323
7.346827,0.139922,0.632566
7.362481,0.140186,0.631810
7.378134,0.140449,0.631055
7.393787,0.140711,0.630300
7.409441,0.140972,0.629547
7.425094,0.141233,0.628795
7.440747,0.141493,0.628043
7.456401,0.141751,0.627292
7.472054,0.142009,0.626543
7.487708,0.142267,0.625794
7.503361,0.142523,0.625046
7.519014,0.142779,0.624299
7.536421,0.143127,0.623469
7.553828,0.143527,0.622640
7.571235,0.143935,0.621813
7.588642,0.144326,0.620986
7.606048,0.144706,0.620161
7.623455,0.145089,0.619336
7.640862,0.145473,0.618513
7.658269,0.145857,0.617691
7.675676,0.146238,0.616870
7.693083,0.146620,0.616050
7.710489,0.147000,0.615230
7.727896,0.147379,0.614412
7.745303,0.147754,0.613595
7.762710,0.148128,0.612780
7.780117,0.148502,0.611965
7.797524,0.148873,0.611151
7.814930,0.149243,0.610338
7.832337,0.149611,0.609526
7.849744,0.149977,0.608715
7.867151,0.150342,0.607905
7.884558,0.150705,0.607096
7.901965,0.151067,0.606289
7.919371,0.151427,0.605482
7.936778,0.151786,0.604676
7.954185,0.152143,0.603871
7.971592,0.152499,0.603067
7.988999,0.152853,0.602264
8.006406,0.153206,0.601463
8.023812,0.153557,0.600662
8.041219,0.153906,0.599862
8.058626,0.154254,0.599063
8.076033,0.154600,0.598265
8.093440,0.154946,0.597468
8.110847,0.155290,0.596672
8.128253,0.155633,0.595876
8.145660,0.155975,0.595082
8.163067,0.156315,0.594289
8.180474,0.156654,0.593497
8.197881,0.156992,0.592705
8.215288,0.157329,0.591915
8.232694,0.157665,0.591125
8.250101,0.158000,0.590337
8.267508,0.158333,0.589549
8.284915,0.158665,0.588762
8.302322,0.158996,0.587976
8.319729,0.159326,0.587191
8.337135,0.159655,0.586407
8.354542,0.159983,0.585624
8.371949,0.160310,0.584842
8.389356,0.160635,0.584061
8.406763,0.160959,0.583280
8.424170,0.161282,0.582501
8.441577,0.161604,0.581722
8.458983,0.161925,0.580944
8.476390,0.162245,0.580167
8.493797,0.162564,0.579391
8.511204,0.162883,0.578616
8.528611,0.163200,0.577842
8.546018,0.163516,0.577068
8.563424,0.163832,0.576296
8.580831,0.164147,0.575524
8.598238,0.164460,0.574753
8.615645,0.164773,0.573983
8.633052,0.165085,0.573214
8.650459,0.165397,0.572446
8.667865,0.165707,0.571679
8.685272,0.166017,0.570912
8.702679,0.166325,0.570146
8.720086,0.166633,0.569381
8.737493,0.166940,0.568617
8.754900,0.167246,0.567854
8.772306,0.167551,0.567092
8.789713,0.167856,0.566330
8.807120,0.168160,0.565569
8.824527,0.168464,0.564809
8.841934,0.168766,0.564050
8.859341,0.169068,0.563292
8.876747,0.169369,0.562534
8.894154,0.169670,0.561778
8.911561,0.169970,0.561022
8.928968,0.170269,0.560267
8.946375,0.170567,0.559512
8.963782,0.170866,0.558759
8.981188,0.171163,0.558006
8.998595,0.171460,0.557254
9.016002,0.171756,0.556503
9.033409,0.172051,0.555753
9.052665,0.172433,0.554924
9.071921,0.172859,0.554096
9.091177,0.173293,0.553269
9.110433,0.173715,0.552442
9.129689,0.174128,0.551617
9.148946,0.174543,0.550793
9.168202,0.174958,0.549969
9.187458,0.175373,0.549147
9.206714,0.175787,0.548325
9.225970,0.176198,0.547504
9.245226,0.176608,0.546685
9.264482,0.177016,0.545866
9.283738,0.177424,0.545048
9.302995,0.177830,0.544231
9.322251,0.178235,0.543415
9.341507,0.178639,0.542600
9.360763,0.179041,0.541786
9.380019,0.179442,0.540972
9.399275,0.179842,0.540160
9.418531,0.180241,0.539348
9.437787,0.180639,0.538538
9.457044,0.181035,0.537728
9.476300,0.181430,0.536919
9.495556,0.181823,0.536111
9.514812,0.182216,0.535303
9.534068,0.182608,0.534497
9.553324,0.182999,0.533692
9.572580,0.183388,0.532887
9.591836,0.183777,0.532083
9.611093,0.184165,0.531280
9.630349,0.184551,0.530478
9.649605,0.184937,0.529677
9.668861,0.185322,0.528876
9.688117,0.185706,0.528076
9.707373,0.186089,0.527278
9.726629,0.186471,0.526480
9.745885,0.186853,0.525682
9.765142,0.187233,0.524886
9.784398,0.187613,0.524090
9.803654,0.187992,0.523296
9.822910,0.188370,0.522502
9.842166,0.188747,0.521709
9.861422,0.189123,0.520916
9.880678,0.189498,0.520125
9.899934,0.189873,0.519334
9.919191,0.190247,0.518544
9.938447,0.190620,0.517755
9.957703,0.190992,0.516967
9.976959,0.191364,0.516179
9.996215,0.191735,0.515392
10.015471,0.192106,0.514606
10.034727,0.192476,0.513821
10.053983,0.192845,0.513036
10.073240,0.193214,0.512253
10.094568,0.193685,0.511386
10.115896,0.194208,0.510519
10.137225,0.194738,0.509654
10.158553,0.195252,0.508790
10.179882,0.195756,0.507927
10.201210,0.196262,0.507064
10.222539,0.196771,0.506203
10.243867,0.197280,0.505342
10.265195,0.197788,0.504482
10.286524,0.198294,0.503623
10.307852,0.198798,0.502766
10.329181,0.199300,0.501909
10.350509,0.199801,0.501053
10.371838,0.200302,0.500197
10.393166,0.200801,0.499343
10.414494,0.201299,0.498490
10.435823,0.201794,0.497637
10.457151,0.202289,0.496786
10.478480,0.202783,0.495935
10.499808,0.203275,0.495085
10.521137,0.203766,0.494236
10.542465,0.204256,0.493388
10.563793,0.204745,0.492541
10.585122,0.205233,0.491694
10.606450,0.205719,0.490849
10.627779,0.206205,0.490004
10.649107,0.206689,0.489161
10.670436,0.207172,0.488318
10.691764,0.207654,0.487476
10.713092,0.208134,0.486634
10.734421,0.208613,0.485794
10.755749,0.209093,0.484954
10.777078,0.209571,0.484116
10.798406,0.210048,0.483278
10.819735,0.210524,0.482441
10.841063,0.210999,0.481605
10.862392,0.211474,0.480769
10.883720,0.211948,0.479935
10.905048,0.212421,0.479101
10.926377,0.212893,0.478268
10.947705,0.213365,0.477436
10.969034,0.213836,0.476605
10.990362,0.214306,0.475774
11.011691,0.214775,0.474945
11.033019,0.215244,0.474116
11.054347,0.215713,0.473288
11.075676,0.216180,0.472461
11.097004,0.216647,0.471634
11.118333,0.217113,0.470808
11.139661,0.217578,0.469984
11.160990,0.218043,0.469159
11.182318,0.218508,0.468336
11.203646,0.218972,0.467514
11.224975,0.219436,0.466692
11.246303,0.219899,0.465871
11.267632,0.220362,0.465051
11.288960,0.220824,0.464231
11.310289,0.221286,0.463413
11.331617,0.221748,0.462595
11.352945,0.222209,0.461778
11.374274,0.222670,0.460961
11.395602,0.223131,0.460146
11.416931,0.223591,0.459331
11.440504,0.224161,0.458431
11.464077,0.224781,0.457532
11.487650,0.225409,0.456634
11.511224,0.226022,0.455737
11.534797,0.226628,0.454841
11.558370,0.227236,0.453946
11.581944,0.227846,0.453052
11.605517,0.228456,0.452158
11.629090,0.229064,0.451266
11.652663,0.229671,0.450374
11.676237,0.230276,0.449483
11.699810,0.230880,0.448594
11.723383,0.231484,0.447705
11.746956,0.232086,0.446816
11.770530,0.232688,0.445929
11.794103,0.233289,0.445043
11.817676,0.233889,0.444157
11.841249,0.234488,0.443273
11.864823,0.235086,0.442389
11.888396,0.235684,0.441506
11.911969,0.236280,0.440624
11.935542,0.236876,0.439743
11.959116,0.237472,0.438862
11.982689,0.238067,0.437983
12.006262,0.238661,0.437104
12.029835,0.239254,0.436226
12.053409,0.239846,0.435349
12.076982,0.240438,0.434473
12.100555,0.241030,0.433598
12.124129,0.241621,0.432723
12.147702,0.242212,0.431850
12.171275,0.242802,0.430977
12.194848,0.243392,0.430105
12.218422,0.243982,0.429233
12.241995,0.244572,0.428363
12.265568,0.245161,0.427493
12.289141,0.245750,0.426624
12.312715,0.246339,0.425756
12.336288,0.246928,0.424889
12.359861,0.247516,0.424023
12.383434,0.248104,0.423157
12.407008,0.248693,0.422292
12.430581,0.249281,0.421428
12.454154,0.249869,0.420565
12.477727,0.250457,0.419702
12.501301,0.251045,0.418841
12.524874,0.251633,0.417980
12.548447,0.252221,0.417120
12.572020,0.252809,0.416260
12.595594,0.253398,0.415402
12.619167,0.253986,0.414544
12.645202,0.254700,0.413597
12.671237,0.255467,0.412651
12.697272,0.256242,0.411707
12.723307,0.257004,0.410763
12.749342,0.257756,0.409820
12.775377,0.258511,0.408878
12.801412,0.259267,0.407937
12.827447,0.260025,0.406997
12.853482,0.260781,0.406058
12.879517,0.261537,0.405119
12.905552,0.262291,0.404182
12.931587,0.263045,0.403245
12.957622,0.263798,0.402310
12.983657,0.264552,0.401375
13.009692,0.265307,0.400441
13.035727,0.266062,0.399508
13.061762,0.266816,0.398576
13.087797,0.267570,0.397645
13.113832,0.268324,0.396714
13.139867,0.269078,0.395785
13.165902,0.269832,0.394856
13.191937,0.270586,0.393928
13.217972,0.271340,0.393001
13.244007,0.272094,0.392075
13.270042,0.272849,0.391150
13.296077,0.273603,0.390226
13.322112,0.274358,0.389302
13.348147,0.275113,0.388379
13.374182,0.275868,0.387458
13.400217,0.276624,0.386537
13.426252,0.277380,0.385616
13.452287,0.278137,0.384697
13.478322,0.278894,0.383778
13.504357,0.279651,0.382861
13.530392,0.280409,0.381944
13.556427,0.281168,0.381028
13.582462,0.281927,0.380113
13.608497,0.282687,0.379198
13.634532,0.283449,0.378284
13.660567,0.284210,0.377372
13.686602,0.284973,0.376460
13.712637,0.285737,0.375548
13.738672,0.286502,0.374638
13.764707,0.287267,0.373728
13.790742,0.288034,0.372820
13.816777,0.288802,0.371911
13.842812,0.289571,0.371004
13.868847,0.290341,0.370098
13.894882,0.291112,0.369192
13.920917,0.291885,0.368287
13.946952,0.292659,0.367383
13.976096,0.293600,0.366372
14.005240,0.294605,0.365362
14.034384,0.295622,0.364352
14.063528,0.296624,0.363344
14.092671,0.297619,0.362337
14.121815,0.298617,0.361330
14.150959,0.299620,0.360325
14.180103,0.300624,0.359320
14.209247,0.301629,0.358317
14.238391,0.302634,0.357314
14.267535,0.303639,0.356313
14.296678,0.304645,0.355312
14.325822,0.305652,0.354312
14.354966,0.306661,0.353313
14.384110,0.307671,0.352315
14.413254,0.308682,0.351318
14.442398,0.309694,0.350322
14.471542,0.310707,0.349327
14.500685,0.311722,0.348332
14.529829,0.312739,0.347339
14.558973,0.313757,0.346346
14.588117,0.314777,0.345355
14.617261,0.315798,0.344364
14.646405,0.316822,0.343374
14.675549,0.317847,0.342385
14.704692,0.318875,0.341397
14.733836,0.319905,0.340410
14.762980,0.320938,0.339424
14.792124,0.321972,0.338438
14.821268,0.323009,0.337454
14.850412,0.324048,0.336470
14.879556,0.325091,0.335487
14.908699,0.326135,0.334505
14.937843,0.327183,0.333524
14.966987,0.328233,0.332544
14.996131,0.329286,0.331565
15.025275,0.330342,0.330586
15.054419,0.331401,0.329609
15.083563,0.332464,0.328632
15.115850,0.333718,0.327551
15.148137,0.335039,0.326471
15.180424,0.336373,0.325391
15.212712,0.337693,0.324313
15.244999,0.339006,0.323236
15.277286,0.340327,0.322160
15.309573,0.341657,0.321085
15.341861,0.342990,0.320011
15.374148,0.344325,0.318938
15.406435,0.345663,0.317866
15.438723,0.347004,0.316795
15.471010,0.348349,0.315725
15.503297,0.349698,0.314656
15.535584,0.351051,0.313588
15.567872,0.352408,0.312521
15.600159,0.353769,0.311455
15.632446,0.355135,0.310390
15.664733,0.356504,0.309326
15.697021,0.357879,0.308263
15.729308,0.359258,0.307201
15.761595,0.360642,0.306140
15.793883,0.362031,0.305080
15.826170,0.363425,0.304020
15.858457,0.364825,0.302962
15.890744,0.366231,0.301905
15.923032,0.367642,0.300849
15.955319,0.369060,0.299793
15.987606,0.370485,0.298739
16.019893,0.371916,0.297685
16.052181,0.373352,0.296633
16.084468,0.374796,0.295581
16.116755,0.376246,0.294531
16.149043,0.377703,0.293481
16.181330,0.379167,0.292432
16.213617,0.380639,0.291384
16.245904,0.382117,0.290337
16.281577,0.383833,0.289182
16.317250,0.385622,0.288027
16.352923,0.387429,0.286874
16.388596,0.389226,0.285722
16.424269,0.391022,0.284571
16.459942,0.392832,0.283421
16.495615,0.394655,0.282272
16.531287,0.396489,0.281124
16.566960,0.398331,0.279978
16.602633,0.400182,0.278832
16.638306,0.402044,0.277688
16.673979,0.403916,0.276545
16.709652,0.405799,0.275402
16.745325,0.407693,0.274261
16.780998,0.409599,0.273121
16.816671,0.411516,0.271982
16.852343,0.413445,0.270845
16.888016,0.415385,0.269708
16.923689,0.417339,0.268572
16.959362,0.419305,0.267438
16.995035,0.421284,0.266304
17.030708,0.423276,0.265172
17.066381,0.425283,0.264041
17.102054,0.427303,0.262911
17.137727,0.429338,0.261781
17.173399,0.431387,0.260653
17.209072,0.433452,0.259526
17.248781,0.435857,0.258273
17.288489,0.438360,0.257021
17.328197,0.440895,0.255771
17.367905,0.443427,0.254522
17.407613,0.445967,0.253274
17.447322,0.448532,0.252027
17.487030,0.451126,0.250782
17.526738,0.453741,0.249538
17.566446,0.456377,0.248296
17.606155,0.459034,0.247054
17.645863,0.461714,0.245814
17.685571,0.464419,0.244576
17.725279,0.467149,0.243338
17.764988,0.469905,0.242102
17.804696,0.472687,0.240868
17.844404,0.475497,0.239634
17.884112,0.478334,0.238402
17.923820,0.481200,0.237172
17.963529,0.484097,0.235942
18.003237,0.487024,0.234714
18.042945,0.489986,0.233487
18.082653,0.492984,0.232262
18.122362,0.496016,0.231038
18.162070,0.499084,0.229815
18.201778,0.502190,0.228593
18.241486,0.505332,0.227373
18.281194,0.508513,0.226155
18.320903,0.511733,0.224937
18.360611,0.514995,0.223721
18.400319,0.518300,0.222506
18.440027,0.521648,0.221293
18.479736,0.525041,0.220080
18.519444,0.528480,0.218870
18.563584,0.532437,0.217525
18.607724,0.536525,0.216183
18.651865,0.540687,0.214842
18.696005,0.544890,0.213502
18.740146,0.549147,0.212165
18.784286,0.553476,0.210829
18.828426,0.557884,0.209494
18.872567,0.562366,0.208162
18.916707,0.566924,0.206831
18.960847,0.571560,0.205502
19.004988,0.576280,0.204175
19.049128,0.581086,0.202849
19.093268,0.585981,0.201525
19.137409,0.590968,0.200203
19.181549,0.596051,0.198883
19.225689,0.601234,0.197564
19.269830,0.606521,0.196247
19.313970,0.611915,0.194932
19.362994,0.618127,0.193474
19.412019,0.624562,0.192018
19.461043,0.631160,0.190564
19.510068,0.637887,0.189112
19.559092,0.644762,0.187663
19.608117,0.651813,0.186216
19.657141,0.659049,0.184771
19.706165,0.666471,0.183329
19.755190,0.674083,0.181889
19.804214,0.681901,0.180452
19.853239,0.689940,0.179017
19.902263,0.698207,0.177584
19.951288,0.706712,0.176154
20.000312,0.715465,0.174727
20.049337,0.724479,0.173302
20.098361,0.733767,0.171879
20.147385,0.743343,0.170459
20.196410,0.753221,0.169042
20.245434,0.763416,0.167628
20.294459,0.773945,0.166216
20.343483,0.784823,0.164807
20.392508,0.796069,0.163401
20.441532,0.807702,0.161997
20.490557,0.819741,0.160597
20.546640,0.834139,0.158998
20.602724,0.849223,0.157403
20.658808,0.864951,0.155813
20.714892,0.881307,0.154226
20.770976,0.898339,0.152643
20.827060,0.916128,0.151065
20.883144,0.934724,0.149490
20.939227,0.954158,0.147921
20.995311,0.974473,0.146355
21.051395,0.995726,0.144794
21.107479,1.017977,0.143238
21.163563,1.041283,0.141687
21.219647,1.065705,0.140140
21.275731,1.091311,0.138599
21.331814,1.118173,0.137062
21.395262,1.150267,0.135330
21.458710,1.184264,0.133605
21.522158,1.220207,0.131887
21.585605,1.258177,0.130177
21.649053,1.298323,0.128474
21.712501,1.340812,0.126778
21.775948,1.385803,0.125091
21.839396,1.433443,0.123412
21.902844,1.483902,0.121742
21.966292,1.537368,0.120080
22.029739,1.594052,0.118428
22.093187,1.654156,0.116785
22.156635,1.717881,0.115152
22.220082,1.785450,0.113529
22.283530,1.857099,0.111916
22.346978,1.933075,0.110315
22.410426,2.013633,0.108725
22.473873,2.099047,0.107146
22.537321,2.189602,0.105580
22.600769,2.285594,0.104027
22.664216,2.387330,0.102487
22.734484,2.507128,0.100797
22.804751,2.634849,0.099125
22.875019,2.770936,0.097472
22.945286,2.915850,0.095838
23.015554,3.070090,0.094225
23.085821,3.234173,0.092632
23.164513,3.430300,0.090876
23.243204,3.640216,0.089149
23.321895,3.864608,0.087452
23.400586,4.104165,0.085789
23.479278,4.359597,0.084160
23.557969,4.631584,0.082568
23.636660,4.920731,0.081015
23.715351,5.227548,0.079502
23.794043,5.552455,0.078031
23.872734,5.895753,0.076607
23.951425,6.257582,0.075229
24.030117,6.637885,0.073902
24.119713,7.093033,0.072456
24.209310,7.570930,0.071082
24.298907,8.070164,0.069784
24.388504,8.588687,0.068567
24.478101,9.123761,0.067435
24.567698,9.671891,0.066391
24.657295,10.228755,0.065441
24.746892,10.789129,0.064587
24.836489,11.346868,0.063833
24.926086,11.894921,0.063184
25.015683,12.425378,0.062641
25.105280,12.929578,0.062208
25.194877,13.398175,0.061886
25.284474,13.821304,0.061677
25.374070,14.188799,0.061582
25.380265,14.211890,0.061580
25.380952,14.214433,0.061580
25.382463,14.220597,0.061579
25.383974,14.226743,0.061579
25.386996,14.237798,0.061578
25.390018,14.248776,0.061577
25.393040,14.259677,0.061577
25.423259,14.364358,0.061579
25.453479,14.460891,0.061594
25.483698,14.548902,0.061622
25.513917,14.628011,0.061663
25.599377,14.800320,0.061849
25.684836,14.890588,0.062137
25.770296,14.890918,0.062526
25.855756,14.794868,0.063015
25.941215,14.596852,0.063600
26.040376,14.233575,0.064398
26.139537,13.722588,0.065317
26.238697,13.062166,0.066355
26.337858,12.253764,0.067504
26.437019,11.302517,0.068761
26.495634,10.676757,0.069552
26.554250,10.007251,0.070377
26.612865,9.297737,0.071236
26.671480,8.553121,0.072126
26.730096,7.779895,0.073048
26.782609,7.070049,0.073899
26.835122,6.353082,0.074773
26.880952,5.731183,0.075554
26.895487,5.896509,0.075227
26.910021,6.063946,0.074905
26.939089,6.405746,0.074273
26.968157,6.754405,0.073662
26.997226,7.109029,0.073069
27.142638,8.948784,0.070380
27.288049,10.857288,0.068093
27.433461,12.797334,0.066150
27.578873,14.744653,0.064502
27.798734,17.664904,0.062482
28.018596,20.516583,0.060929
28.238457,23.267063,0.059753
28.458318,25.894001,0.058876
28.678179,28.382718,0.058238
29.056406,32.319390,0.057561
29.434632,35.814643,0.057254
29.812858,38.888312,0.057179
30.191085,41.573214,0.057243
30.569311,43.908971,0.057382
30.947537,45.936289,0.057555
31.547465,48.612514,0.057837
32.147392,50.744516,0.058087
32.747319,52.443273,0.058285
33.347247,53.797947,0.058430
33.947174,54.879277,0.058529
34.584956,55.791414,0.058594
35.222738,56.510358,0.058626
35.860521,57.077352,0.058634
36.498303,57.524686,0.058626
37.136085,57.877705,0.058606
38.152973,58.293473,0.058557
39.169861,58.578446,0.058497
40.186750,58.773836,0.058430
41.203638,58.907899,0.058361
42.220526,58.999830,0.058290
43.446213,59.072964,0.058204
44.671901,59.119398,0.058117
45.897588,59.149072,0.058031
47.123275,59.167881,0.057944
47.896272,59.176048,0.057890
48.669269,59.182122,0.057836
49.442266,59.186664,0.057781
50.213173,59.190059,0.057727
50.984081,59.192604,0.057673
51.754988,59.194512,0.057620
53.295771,59.197023,0.057512
54.836555,59.198383,0.057406
56.377339,59.199148,0.057299
57.914525,59.199596,0.057194
59.451711,59.199858,0.057088
60.988897,59.200007,0.056984
62.523581,59.200092,0.056879
64.058265,59.200141,0.056776
65.592949,59.200169,0.056672
67.810409,59.200189,0.056523
70.027869,59.200196,0.056376
72.245329,59.200200,0.056228
79.698220,59.200202,0.055741
81.561443,59.200202,0.055620
83.424666,59.200202,0.055500
87.151111,59.200202,0.055261
90.877557,59.200202,0.055024
94.604003,59.200201,0.054790
101.315255,59.200199,0.054373
108.026506,59.200198,0.053963
114.737758,59.200197,0.053559
121.449010,59.200195,0.053163
132.719112,59.200193,0.052511
143.989214,59.200191,0.051876
155.259316,59.200189,0.051259
159.190476,59.200189,0.051047
159.291503,59.200189,0.051041
159.392529,59.200189,0.051036
160.690476,59.200189,0.050966
160.692253,59.200189,0.050653
160.694031,59.200189,0.050345
160.697585,59.200189,0.049735
160.701140,59.200189,0.049143
160.704694,59.200188,0.048565
160.722023,59.200188,0.045957
160.739351,59.200188,0.043647
160.756680,59.200187,0.041589
160.774008,59.200186,0.039746
160.800117,59.200184,0.037307
160.826225,59.200182,0.035206
160.852333,59.200180,0.033380
160.878441,59.200177,0.031782
160.904549,59.200174,0.030375
160.950166,59.200167,0.028287
160.995783,59.200160,0.026573
161.041400,59.200152,0.025149
161.087017,59.200143,0.023954
161.132634,59.200134,0.022943
161.178251,59.200124,0.022082
161.252556,59.200108,0.020932
161.326861,59.200091,0.020026
161.401166,59.200075,0.019304
161.475471,59.200058,0.018724
161.549776,59.200042,0.018255
161.624082,59.200027,0.017874
161.744749,59.200003,0.017397
161.865417,59.199981,0.017052
161.986084,59.199962,0.016799
162.106752,59.199944,0.016614
162.227420,59.199928,0.016477
162.396808,59.199910,0.016344
162.566197,59.199894,0.016256
162.735586,59.199881,0.016197
162.904975,59.199871,0.016159
163.125199,59.199860,0.016127
163.345424,59.199851,0.016108
163.565648,59.199845,0.016097
163.785873,59.199840,0.016090
164.019143,59.199836,0.016085
164.252412,59.199833,0.016082
164.485682,59.199831,0.016079
164.719469,59.199829,0.016077
164.953255,59.199828,0.016076
165.187041,59.199827,0.016074
165.420862,59.199826,0.016073
165.654683,59.199825,0.016072
166.976561,59.199824,0.016065
168.298438,59.199823,0.016058
169.620316,59.199824,0.016051
173.683998,59.199824,0.016029
177.747680,59.199824,0.016008
181.811362,59.199823,0.015986
199.032355,59.199823,0.015896
216.253348,59.199823,0.015807
233.474341,59.199823,0.015718
261.955812,59.199822,0.015574
290.437284,59.199822,0.015433
306.328375,59.199822,0.015355
